admin,Admin,123
staff member,1,
student,22125001,123456
student,22010001,123456
student,22010002,123456
student,22010003,123456
student,22010004,123456
student,22010005,123456
student,22010006,123456
student,22010007,123456
student,22010008,123456
student,22010009,123456
student,22010010,123456
student,22010011,123456
student,22010012,123456
student,22010013,123456
student,22010014,123456
student,22010015,123456
student,22010016,123456
student,22010017,123456
student,22010018,123456
student,22010019,123456
student,22010020,123456
student,22010021,123456
student,22010022,123456
student,22010023,123456
student,22010024,123456
student,22010025,123456
student,22010026,123456
student,22010027,123456
student,22010028,123456
student,22010029,123456
student,22010030,123456
student,22010031,123456
student,22010032,123456
student,22010033,123456
student,22010034,123456
student,22010035,123456
student,22010036,123456
student,22010037,123456
student,22010038,123456
student,22010039,123456
student,22010040,123456
student,22100001,123456
student,22100002,123456
student,22100003,123456
student,22100004,123456
student,22100005,123456
student,22100006,123456
student,22100007,123456
student,22100008,123456
student,22100009,123456
student,22100010,123456
student,22100011,123456
student,22100012,123456
student,22100013,123456
student,22100014,123456
student,22100015,123456
student,22100016,123456
student,22100017,123456
student,22100018,123456
student,22100019,123456
student,22100020,123456
student,22100021,123456
student,22100022,123456
student,22100023,123456
student,22100024,123456
student,22100025,123456
student,22100026,123456
student,22100027,123456
student,22100028,123456
student,22100029,123456
student,22100030,123456
student,22100031,123456
student,22100032,123456
student,22100033,123456
student,22100034,123456
student,22100035,123456
student,22100036,123456
student,22100037,123456
student,22100038,123456
student,22100039,123456
student,22100040,123456
student,22110001,123456
student,22110002,123456
student,22110003,123456
student,22110004,123456
student,22110005,123456
student,22110006,123456
student,22110007,123456
student,22110008,123456
student,22110009,123456
student,22110010,123456
student,22110011,123456
student,22110012,123456
student,22110013,123456
student,22110014,123456
student,22110015,123456
student,22110016,123456
student,22110017,123456
student,22110018,123456
student,22110019,123456
student,22110020,123456
student,22110021,123456
student,22110022,123456
student,22110023,123456
student,22110024,123456
student,22110025,123456
student,22110026,123456
student,22110027,123456
student,22110028,123456
student,22110029,123456
student,22110030,123456
student,22110031,123456
student,22110032,123456
student,22110033,123456
student,22110034,123456
student,22110035,123456
student,22110036,123456
student,22110037,123456
student,22110038,123456
student,22110039,123456
student,22110040,123456
student,22120001,123456
student,22120002,123456
student,22120003,123456
student,22120004,123456
student,22120005,123456
student,22120006,123456
student,22120007,123456
student,22120008,123456
student,22120009,123456
student,22120010,123456
student,22120011,123456
student,22120012,123456
student,22120013,123456
student,22120014,123456
student,22120015,123456
student,22120016,123456
student,22120017,123456
student,22120018,123456
student,22120019,123456
student,22120020,123456
student,22120021,123456
student,22120022,123456
student,22120023,123456
student,22120024,123456
student,22120025,123456
student,22120026,123456
student,22120027,123456
student,22120028,123456
student,22120029,123456
student,22120030,123456
student,22120031,123456
student,22120032,123456
student,22120033,123456
student,22120034,123456
student,22120035,123456
student,22120036,123456
student,22120037,123456
student,22120038,123456
student,22120039,123456
student,22120040,123456
student,22020001,123456
student,22020002,123456
student,22020003,123456
student,22020004,123456
student,22020005,123456
student,22020006,123456
student,22020007,123456
student,22020008,123456
student,22020009,123456
student,22020010,123456
student,22020011,123456
student,22020012,123456
student,22020013,123456
student,22020014,123456
student,22020015,123456
student,22020016,123456
student,22020017,123456
student,22020018,123456
student,22020019,123456
student,22020020,123456
student,22020021,123456
student,22020022,123456
student,22020023,123456
student,22020024,123456
student,22020025,123456
student,22020026,123456
student,22020027,123456
student,22020028,123456
student,22020029,123456
student,22020030,123456
student,22020031,123456
student,22020032,123456
student,22020033,123456
student,22020034,123456
student,22020035,123456
student,22020036,123456
student,22020037,123456
student,22020038,123456
student,22020039,123456
student,22020040,123456
student,22030001,123456
student,22030002,123456
student,22030003,123456
student,22030004,123456
student,22030005,123456
student,22030006,123456
student,22030007,123456
student,22030008,123456
student,22030009,123456
student,22030010,123456
student,22030011,123456
student,22030012,123456
student,22030013,123456
student,22030014,123456
student,22030015,123456
student,22030016,123456
student,22030017,123456
student,22030018,123456
student,22030019,123456
student,22030020,123456
student,22030021,123456
student,22030022,123456
student,22030023,123456
student,22030024,123456
student,22030025,123456
student,22030026,123456
student,22030027,123456
student,22030028,123456
student,22030029,123456
student,22030030,123456
student,22030031,123456
student,22030032,123456
student,22030033,123456
student,22030034,123456
student,22030035,123456
student,22030036,123456
student,22030037,123456
student,22030038,123456
student,22030039,123456
student,22030040,123456
student,22040001,123456
student,22040002,123456
student,22040003,123456
student,22040004,123456
student,22040005,123456
student,22040006,123456
student,22040007,123456
student,22040008,123456
student,22040009,123456
student,22040010,123456
student,22040011,123456
student,22040012,123456
student,22040013,123456
student,22040014,123456
student,22040015,123456
student,22040016,123456
student,22040017,123456
student,22040018,123456
student,22040019,123456
student,22040020,123456
student,22040021,123456
student,22040022,123456
student,22040023,123456
student,22040024,123456
student,22040025,123456
student,22040026,123456
student,22040027,123456
student,22040028,123456
student,22040029,123456
student,22040030,123456
student,22040031,123456
student,22040032,123456
student,22040033,123456
student,22040034,123456
student,22040035,123456
student,22040036,123456
student,22040037,123456
student,22040038,123456
student,22040039,123456
student,22040040,123456
student,22050001,123456
student,22050002,123456
student,22050003,123456
student,22050004,123456
student,22050005,123456
student,22050006,123456
student,22050007,123456
student,22050008,123456
student,22050009,123456
student,22050010,123456
student,22050011,123456
student,22050012,123456
student,22050013,123456
student,22050014,123456
student,22050015,123456
student,22050016,123456
student,22050017,123456
student,22050018,123456
student,22050019,123456
student,22050020,123456
student,22050021,123456
student,22050022,123456
student,22050023,123456
student,22050024,123456
student,22050025,123456
student,22050026,123456
student,22050027,123456
student,22050028,123456
student,22050029,123456
student,22050030,123456
student,22050031,123456
student,22050032,123456
student,22050033,123456
student,22050034,123456
student,22050035,123456
student,22050036,123456
student,22050037,123456
student,22050038,123456
student,22050039,123456
student,22050040,123456
student,22060001,123456
student,22060002,123456
student,22060003,123456
student,22060004,123456
student,22060005,123456
student,22060006,123456
student,22060007,123456
student,22060008,123456
student,22060009,123456
student,22060010,123456
student,22060011,123456
student,22060012,123456
student,22060013,123456
student,22060014,123456
student,22060015,123456
student,22060016,123456
student,22060017,123456
student,22060018,123456
student,22060019,123456
student,22060020,123456
student,22060021,123456
student,22060022,123456
student,22060023,123456
student,22060024,123456
student,22060025,123456
student,22060026,123456
student,22060027,123456
student,22060028,123456
student,22060029,123456
student,22060030,123456
student,22060031,123456
student,22060032,123456
student,22060033,123456
student,22060034,123456
student,22060035,123456
student,22060036,123456
student,22060037,123456
student,22060038,123456
student,22060039,123456
student,22060040,123456
student,22070001,123456
student,22070002,123456
student,22070003,123456
student,22070004,123456
student,22070005,123456
student,22070006,123456
student,22070007,123456
student,22070008,123456
student,22070009,123456
student,22070010,123456
student,22070011,123456
student,22070012,123456
student,22070013,123456
student,22070014,123456
student,22070015,123456
student,22070016,123456
student,22070017,123456
student,22070018,123456
student,22070019,123456
student,22070020,123456
student,22070021,123456
student,22070022,123456
student,22070023,123456
student,22070024,123456
student,22070025,123456
student,22070026,123456
student,22070027,123456
student,22070028,123456
student,22070029,123456
student,22070030,123456
student,22070031,123456
student,22070032,123456
student,22070033,123456
student,22070034,123456
student,22070035,123456
student,22070036,123456
student,22070037,123456
student,22070038,123456
student,22070039,123456
student,22070040,123456
student,22080001,123456
student,22080002,123456
student,22080003,123456
student,22080004,123456
student,22080005,123456
student,22080006,123456
student,22080007,123456
student,22080008,123456
student,22080009,123456
student,22080010,123456
student,22080011,123456
student,22080012,123456
student,22080013,123456
student,22080014,123456
student,22080015,123456
student,22080016,123456
student,22080017,123456
student,22080018,123456
student,22080019,123456
student,22080020,123456
student,22080021,123456
student,22080022,123456
student,22080023,123456
student,22080024,123456
student,22080025,123456
student,22080026,123456
student,22080027,123456
student,22080028,123456
student,22080029,123456
student,22080030,123456
student,22080031,123456
student,22080032,123456
student,22080033,123456
student,22080034,123456
student,22080035,123456
student,22080036,123456
student,22080037,123456
student,22080038,123456
student,22080039,123456
student,22080040,123456
student,22090001,123456
student,22090002,123456
student,22090003,123456
student,22090004,123456
student,22090005,123456
student,22090006,123456
student,22090007,123456
student,22090008,123456
student,22090009,123456
student,22090010,123456
student,22090011,123456
student,22090012,123456
student,22090013,123456
student,22090014,123456
student,22090015,123456
student,22090016,123456
student,22090017,123456
student,22090018,123456
student,22090019,123456
student,22090020,123456
student,22090021,123456
student,22090022,123456
student,22090023,123456
student,22090024,123456
student,22090025,123456
student,22090026,123456
student,22090027,123456
student,22090028,123456
student,22090029,123456
student,22090030,123456
student,22090031,123456
student,22090032,123456
student,22090033,123456
student,22090034,123456
student,22090035,123456
student,22090036,123456
student,22090037,123456
student,22090038,123456
student,22090039,123456
student,22090040,123456
student,22200001,123456
student,22200002,123456
student,22200003,123456
student,22200004,123456
student,22200005,123456
student,22200006,123456
student,22200007,123456
student,22200008,123456
student,22200009,123456
student,22200010,123456
student,22200011,123456
student,22200012,123456
student,22200013,123456
student,22200014,123456
student,22200015,123456
student,22200016,123456
student,22200017,123456
student,22200018,123456
student,22200019,123456
student,22200020,123456
student,22200021,123456
student,22200022,123456
student,22200023,123456
student,22200024,123456
student,22200025,123456
student,22200026,123456
student,22200027,123456
student,22200028,123456
student,22200029,123456
student,22200030,123456
student,22200031,123456
student,22200032,123456
student,22200033,123456
student,22200034,123456
student,22200035,123456
student,22200036,123456
student,22200037,123456
student,22200038,123456
student,22200039,123456
student,22200040,123456
student,22220001,123456
student,22220002,123456
student,22220003,123456
student,22220004,123456
student,22220005,123456
student,22220006,123456
student,22220007,123456
student,22220008,123456
student,22220009,123456
student,22220010,123456
student,22220011,123456
student,22220012,123456
student,22220013,123456
student,22220014,123456
student,22220015,123456
student,22220016,123456
student,22220017,123456
student,22220018,123456
student,22220019,123456
student,22220020,123456
student,22220021,123456
student,22220022,123456
student,22220023,123456
student,22220024,123456
student,22220025,123456
student,22220026,123456
student,22220027,123456
student,22220028,123456
student,22220029,123456
student,22220030,123456
student,22220031,123456
student,22220032,123456
student,22220033,123456
student,22220034,123456
student,22220035,123456
student,22220036,123456
student,22220037,123456
student,22220038,123456
student,22220039,123456
student,22220040,123456
student,22240001,123456
student,22240002,123456
student,22240003,123456
student,22240004,123456
student,22240005,123456
student,22240006,123456
student,22240007,123456
student,22240008,123456
student,22240009,123456
student,22240010,123456
student,22240011,123456
student,22240012,123456
student,22240013,123456
student,22240014,123456
student,22240015,123456
student,22240016,123456
student,22240017,123456
student,22240018,123456
student,22240019,123456
student,22240020,123456
student,22240021,123456
student,22240022,123456
student,22240023,123456
student,22240024,123456
student,22240025,123456
student,22240026,123456
student,22240027,123456
student,22240028,123456
student,22240029,123456
student,22240030,123456
student,22240031,123456
student,22240032,123456
student,22240033,123456
student,22240034,123456
student,22240035,123456
student,22240036,123456
student,22240037,123456
student,22240038,123456
student,22240039,123456
student,22240040,123456
student,22140001,123456
student,22140002,123456
student,22140003,123456
student,22140004,123456
student,22140005,123456
student,22140006,123456
student,22140007,123456
student,22140008,123456
student,22140009,123456
student,22140010,123456
student,22140011,123456
student,22140012,123456
student,22140013,123456
student,22140014,123456
student,22140015,123456
student,22140016,123456
student,22140017,123456
student,22140018,123456
student,22140019,123456
student,22140020,123456
student,22140021,123456
student,22140022,123456
student,22140023,123456
student,22140024,123456
student,22140025,123456
student,22140026,123456
student,22140027,123456
student,22140028,123456
student,22140029,123456
student,22140030,123456
student,22140031,123456
student,22140032,123456
student,22140033,123456
student,22140034,123456
student,22140035,123456
student,22140036,123456
student,22140037,123456
student,22140038,123456
student,22140039,123456
student,22140040,123456
student,22160001,123456
student,22160002,123456
student,22160003,123456
student,22160004,123456
student,22160005,123456
student,22160006,123456
student,22160007,123456
student,22160008,123456
student,22160009,123456
student,22160010,123456
student,22160011,123456
student,22160012,123456
student,22160013,123456
student,22160014,123456
student,22160015,123456
student,22160016,123456
student,22160017,123456
student,22160018,123456
student,22160019,123456
student,22160020,123456
student,22160021,123456
student,22160022,123456
student,22160023,123456
student,22160024,123456
student,22160025,123456
student,22160026,123456
student,22160027,123456
student,22160028,123456
student,22160029,123456
student,22160030,123456
student,22160031,123456
student,22160032,123456
student,22160033,123456
student,22160034,123456
student,22160035,123456
student,22160036,123456
student,22160037,123456
student,22160038,123456
student,22160039,123456
student,22160040,123456
student,22180001,123456
student,22180002,123456
student,22180003,123456
student,22180004,123456
student,22180005,123456
student,22180006,123456
student,22180007,123456
student,22180008,123456
student,22180009,123456
student,22180010,123456
student,22180011,123456
student,22180012,123456
student,22180013,123456
student,22180014,123456
student,22180015,123456
student,22180016,123456
student,22180017,123456
student,22180018,123456
student,22180019,123456
student,22180020,123456
student,22180021,123456
student,22180022,123456
student,22180023,123456
student,22180024,123456
student,22180025,123456
student,22180026,123456
student,22180027,123456
student,22180028,123456
student,22180029,123456
student,22180030,123456
student,22180031,123456
student,22180032,123456
student,22180033,123456
student,22180034,123456
student,22180035,123456
student,22180036,123456
student,22180037,123456
student,22180038,123456
student,22180039,123456
student,22180040,123456
student,22022001,123456
student,22022002,123456
student,22022003,123456
student,22022004,123456
student,22022005,123456
student,22022006,123456
student,22022007,123456
student,22022008,123456
student,22022009,123456
student,22022010,123456
student,22022011,123456
student,22022012,123456
student,22022013,123456
student,22022014,123456
student,22022015,123456
student,22022016,123456
student,22022017,123456
student,22022018,123456
student,22022019,123456
student,22022020,123456
student,22022021,123456
student,22022022,123456
student,22022023,123456
student,22022024,123456
student,22022025,123456
student,22022026,123456
student,22022027,123456
student,22022028,123456
student,22022029,123456
student,22022030,123456
student,22022031,123456
student,22022032,123456
student,22022033,123456
student,22022034,123456
student,22022035,123456
student,22022036,123456
student,22022037,123456
student,22022038,123456
student,22022039,123456
student,22022040,123456
student,22112001,123456
student,22112002,123456
student,22112003,123456
student,22112004,123456
student,22112005,123456
student,22112006,123456
student,22112007,123456
student,22112008,123456
student,22112009,123456
student,22112010,123456
student,22112011,123456
student,22112012,123456
student,22112013,123456
student,22112014,123456
student,22112015,123456
student,22112016,123456
student,22112017,123456
student,22112018,123456
student,22112019,123456
student,22112020,123456
student,22112021,123456
student,22112022,123456
student,22112023,123456
student,22112024,123456
student,22112025,123456
student,22112026,123456
student,22112027,123456
student,22112028,123456
student,22112029,123456
student,22112030,123456
student,22112031,123456
student,22112032,123456
student,22112033,123456
student,22112034,123456
student,22112035,123456
student,22112036,123456
student,22112037,123456
student,22112038,123456
student,22112039,123456
student,22112040,123456
student,22122001,123456
student,22122002,123456
student,22122003,123456
student,22122004,123456
student,22122005,123456
student,22122006,123456
student,22122007,123456
student,22122008,123456
student,22122009,123456
student,22122010,123456
student,22122011,123456
student,22122012,123456
student,22122013,123456
student,22122014,123456
student,22122015,123456
student,22122016,123456
student,22122017,123456
student,22122018,123456
student,22122019,123456
student,22122020,123456
student,22122021,123456
student,22122022,123456
student,22122023,123456
student,22122024,123456
student,22122025,123456
student,22122026,123456
student,22122027,123456
student,22122028,123456
student,22122029,123456
student,22122030,123456
student,22122031,123456
student,22122032,123456
student,22122033,123456
student,22122034,123456
student,22122035,123456
student,22122036,123456
student,22122037,123456
student,22122038,123456
student,22122039,123456
student,22122040,123456
student,22132001,123456
student,22132002,123456
student,22132003,123456
student,22132004,123456
student,22132005,123456
student,22132006,123456
student,22132007,123456
student,22132008,123456
student,22132009,123456
student,22132010,123456
student,22132011,123456
student,22132012,123456
student,22132013,123456
student,22132014,123456
student,22132015,123456
student,22132016,123456
student,22132017,123456
student,22132018,123456
student,22132019,123456
student,22132020,123456
student,22132021,123456
student,22132022,123456
student,22132023,123456
student,22132024,123456
student,22132025,123456
student,22132026,123456
student,22132027,123456
student,22132028,123456
student,22132029,123456
student,22132030,123456
student,22132031,123456
student,22132032,123456
student,22132033,123456
student,22132034,123456
student,22132035,123456
student,22132036,123456
student,22132037,123456
student,22132038,123456
student,22132039,123456
student,22132040,123456
student,22032001,123456
student,22032002,123456
student,22032003,123456
student,22032004,123456
student,22032005,123456
student,22032006,123456
student,22032007,123456
student,22032008,123456
student,22032009,123456
student,22032010,123456
student,22032011,123456
student,22032012,123456
student,22032013,123456
student,22032014,123456
student,22032015,123456
student,22032016,123456
student,22032017,123456
student,22032018,123456
student,22032019,123456
student,22032020,123456
student,22032021,123456
student,22032022,123456
student,22032023,123456
student,22032024,123456
student,22032025,123456
student,22032026,123456
student,22032027,123456
student,22032028,123456
student,22032029,123456
student,22032030,123456
student,22032031,123456
student,22032032,123456
student,22032033,123456
student,22032034,123456
student,22032035,123456
student,22032036,123456
student,22032037,123456
student,22032038,123456
student,22032039,123456
student,22032040,123456
student,22042001,123456
student,22042002,123456
student,22042003,123456
student,22042004,123456
student,22042005,123456
student,22042006,123456
student,22042007,123456
student,22042008,123456
student,22042009,123456
student,22042010,123456
student,22042011,123456
student,22042012,123456
student,22042013,123456
student,22042014,123456
student,22042015,123456
student,22042016,123456
student,22042017,123456
student,22042018,123456
student,22042019,123456
student,22042020,123456
student,22042021,123456
student,22042022,123456
student,22042023,123456
student,22042024,123456
student,22042025,123456
student,22042026,123456
student,22042027,123456
student,22042028,123456
student,22042029,123456
student,22042030,123456
student,22042031,123456
student,22042032,123456
student,22042033,123456
student,22042034,123456
student,22042035,123456
student,22042036,123456
student,22042037,123456
student,22042038,123456
student,22042039,123456
student,22042040,123456
student,22052001,123456
student,22052002,123456
student,22052003,123456
student,22052004,123456
student,22052005,123456
student,22052006,123456
student,22052007,123456
student,22052008,123456
student,22052009,123456
student,22052010,123456
student,22052011,123456
student,22052012,123456
student,22052013,123456
student,22052014,123456
student,22052015,123456
student,22052016,123456
student,22052017,123456
student,22052018,123456
student,22052019,123456
student,22052020,123456
student,22052021,123456
student,22052022,123456
student,22052023,123456
student,22052024,123456
student,22052025,123456
student,22052026,123456
student,22052027,123456
student,22052028,123456
student,22052029,123456
student,22052030,123456
student,22052031,123456
student,22052032,123456
student,22052033,123456
student,22052034,123456
student,22052035,123456
student,22052036,123456
student,22052037,123456
student,22052038,123456
student,22052039,123456
student,22052040,123456
student,22062001,123456
student,22062002,123456
student,22062003,123456
student,22062004,123456
student,22062005,123456
student,22062006,123456
student,22062007,123456
student,22062008,123456
student,22062009,123456
student,22062010,123456
student,22062011,123456
student,22062012,123456
student,22062013,123456
student,22062014,123456
student,22062015,123456
student,22062016,123456
student,22062017,123456
student,22062018,123456
student,22062019,123456
student,22062020,123456
student,22062021,123456
student,22062022,123456
student,22062023,123456
student,22062024,123456
student,22062025,123456
student,22062026,123456
student,22062027,123456
student,22062028,123456
student,22062029,123456
student,22062030,123456
student,22062031,123456
student,22062032,123456
student,22062033,123456
student,22062034,123456
student,22062035,123456
student,22062036,123456
student,22062037,123456
student,22062038,123456
student,22062039,123456
student,22062040,123456
student,22072001,123456
student,22072002,123456
student,22072003,123456
student,22072004,123456
student,22072005,123456
student,22072006,123456
student,22072007,123456
student,22072008,123456
student,22072009,123456
student,22072010,123456
student,22072011,123456
student,22072012,123456
student,22072013,123456
student,22072014,123456
student,22072015,123456
student,22072016,123456
student,22072017,123456
student,22072018,123456
student,22072019,123456
student,22072020,123456
student,22072021,123456
student,22072022,123456
student,22072023,123456
student,22072024,123456
student,22072025,123456
student,22072026,123456
student,22072027,123456
student,22072028,123456
student,22072029,123456
student,22072030,123456
student,22072031,123456
student,22072032,123456
student,22072033,123456
student,22072034,123456
student,22072035,123456
student,22072036,123456
student,22072037,123456
student,22072038,123456
student,22072039,123456
student,22072040,123456
student,22082001,123456
student,22082002,123456
student,22082003,123456
student,22082004,123456
student,22082005,123456
student,22082006,123456
student,22082007,123456
student,22082008,123456
student,22082009,123456
student,22082010,123456
student,22082011,123456
student,22082012,123456
student,22082013,123456
student,22082014,123456
student,22082015,123456
student,22082016,123456
student,22082017,123456
student,22082018,123456
student,22082019,123456
student,22082020,123456
student,22082021,123456
student,22082022,123456
student,22082023,123456
student,22082024,123456
student,22082025,123456
student,22082026,123456
student,22082027,123456
student,22082028,123456
student,22082029,123456
student,22082030,123456
student,22082031,123456
student,22082032,123456
student,22082033,123456
student,22082034,123456
student,22082035,123456
student,22082036,123456
student,22082037,123456
student,22082038,123456
student,22082039,123456
student,22082040,123456
student,22092001,123456
student,22092002,123456
student,22092003,123456
student,22092004,123456
student,22092005,123456
student,22092006,123456
student,22092007,123456
student,22092008,123456
student,22092009,123456
student,22092010,123456
student,22092011,123456
student,22092012,123456
student,22092013,123456
student,22092014,123456
student,22092015,123456
student,22092016,123456
student,22092017,123456
student,22092018,123456
student,22092019,123456
student,22092020,123456
student,22092021,123456
student,22092022,123456
student,22092023,123456
student,22092024,123456
student,22092025,123456
student,22092026,123456
student,22092027,123456
student,22092028,123456
student,22092029,123456
student,22092030,123456
student,22092031,123456
student,22092032,123456
student,22092033,123456
student,22092034,123456
student,22092035,123456
student,22092036,123456
student,22092037,123456
student,22092038,123456
student,22092039,123456
student,22092040,123456
student,22102001,123456
student,22102002,123456
student,22102003,123456
student,22102004,123456
student,22102005,123456
student,22102006,123456
student,22102007,123456
student,22102008,123456
student,22102009,123456
student,22102010,123456
student,22102011,123456
student,22102012,123456
student,22102013,123456
student,22102014,123456
student,22102015,123456
student,22102016,123456
student,22102017,123456
student,22102018,123456
student,22102019,123456
student,22102020,123456
student,22102021,123456
student,22102022,123456
student,22102023,123456
student,22102024,123456
student,22102025,123456
student,22102026,123456
student,22102027,123456
student,22102028,123456
student,22102029,123456
student,22102030,123456
student,22102031,123456
student,22102032,123456
student,22102033,123456
student,22102034,123456
student,22102035,123456
student,22102036,123456
student,22102037,123456
student,22102038,123456
student,22102039,123456
student,22102040,123456
student,22034001,123456
student,22034002,123456
student,22034003,123456
student,22034004,123456
student,22034005,123456
student,22034006,123456
student,22034007,123456
student,22034008,123456
student,22034009,123456
student,22034010,123456
student,22034011,123456
student,22034012,123456
student,22034013,123456
student,22034014,123456
student,22034015,123456
student,22034016,123456
student,22034017,123456
student,22034018,123456
student,22034019,123456
student,22034020,123456
student,22034021,123456
student,22034022,123456
student,22034023,123456
student,22034024,123456
student,22034025,123456
student,22034026,123456
student,22034027,123456
student,22034028,123456
student,22034029,123456
student,22034030,123456
student,22034031,123456
student,22034032,123456
student,22034033,123456
student,22034034,123456
student,22034035,123456
student,22034036,123456
student,22034037,123456
student,22034038,123456
student,22034039,123456
student,22034040,123456
student,22124001,123456
student,22124002,123456
student,22124003,123456
student,22124004,123456
student,22124005,123456
student,22124006,123456
student,22124007,123456
student,22124008,123456
student,22124009,123456
student,22124010,123456
student,22124011,123456
student,22124012,123456
student,22124013,123456
student,22124014,123456
student,22124015,123456
student,22124016,123456
student,22124017,123456
student,22124018,123456
student,22124019,123456
student,22124020,123456
student,22124021,123456
student,22124022,123456
student,22124023,123456
student,22124024,123456
student,22124025,123456
student,22124026,123456
student,22124027,123456
student,22124028,123456
student,22124029,123456
student,22124030,123456
student,22124031,123456
student,22124032,123456
student,22124033,123456
student,22124034,123456
student,22124035,123456
student,22124036,123456
student,22124037,123456
student,22124038,123456
student,22124039,123456
student,22124040,123456
student,22134001,123456
student,22134002,123456
student,22134003,123456
student,22134004,123456
student,22134005,123456
student,22134006,123456
student,22134007,123456
student,22134008,123456
student,22134009,123456
student,22134010,123456
student,22134011,123456
student,22134012,123456
student,22134013,123456
student,22134014,123456
student,22134015,123456
student,22134016,123456
student,22134017,123456
student,22134018,123456
student,22134019,123456
student,22134020,123456
student,22134021,123456
student,22134022,123456
student,22134023,123456
student,22134024,123456
student,22134025,123456
student,22134026,123456
student,22134027,123456
student,22134028,123456
student,22134029,123456
student,22134030,123456
student,22134031,123456
student,22134032,123456
student,22134033,123456
student,22134034,123456
student,22134035,123456
student,22134036,123456
student,22134037,123456
student,22134038,123456
student,22134039,123456
student,22134040,123456
student,22144001,123456
student,22144002,123456
student,22144003,123456
student,22144004,123456
student,22144005,123456
student,22144006,123456
student,22144007,123456
student,22144008,123456
student,22144009,123456
student,22144010,123456
student,22144011,123456
student,22144012,123456
student,22144013,123456
student,22144014,123456
student,22144015,123456
student,22144016,123456
student,22144017,123456
student,22144018,123456
student,22144019,123456
student,22144020,123456
student,22144021,123456
student,22144022,123456
student,22144023,123456
student,22144024,123456
student,22144025,123456
student,22144026,123456
student,22144027,123456
student,22144028,123456
student,22144029,123456
student,22144030,123456
student,22144031,123456
student,22144032,123456
student,22144033,123456
student,22144034,123456
student,22144035,123456
student,22144036,123456
student,22144037,123456
student,22144038,123456
student,22144039,123456
student,22144040,123456
student,22044001,123456
student,22044002,123456
student,22044003,123456
student,22044004,123456
student,22044005,123456
student,22044006,123456
student,22044007,123456
student,22044008,123456
student,22044009,123456
student,22044010,123456
student,22044011,123456
student,22044012,123456
student,22044013,123456
student,22044014,123456
student,22044015,123456
student,22044016,123456
student,22044017,123456
student,22044018,123456
student,22044019,123456
student,22044020,123456
student,22044021,123456
student,22044022,123456
student,22044023,123456
student,22044024,123456
student,22044025,123456
student,22044026,123456
student,22044027,123456
student,22044028,123456
student,22044029,123456
student,22044030,123456
student,22044031,123456
student,22044032,123456
student,22044033,123456
student,22044034,123456
student,22044035,123456
student,22044036,123456
student,22044037,123456
student,22044038,123456
student,22044039,123456
student,22044040,123456
student,22054001,123456
student,22054002,123456
student,22054003,123456
student,22054004,123456
student,22054005,123456
student,22054006,123456
student,22054007,123456
student,22054008,123456
student,22054009,123456
student,22054010,123456
student,22054011,123456
student,22054012,123456
student,22054013,123456
student,22054014,123456
student,22054015,123456
student,22054016,123456
student,22054017,123456
student,22054018,123456
student,22054019,123456
student,22054020,123456
student,22054021,123456
student,22054022,123456
student,22054023,123456
student,22054024,123456
student,22054025,123456
student,22054026,123456
student,22054027,123456
student,22054028,123456
student,22054029,123456
student,22054030,123456
student,22054031,123456
student,22054032,123456
student,22054033,123456
student,22054034,123456
student,22054035,123456
student,22054036,123456
student,22054037,123456
student,22054038,123456
student,22054039,123456
student,22054040,123456
student,22064001,123456
student,22064002,123456
student,22064003,123456
student,22064004,123456
student,22064005,123456
student,22064006,123456
student,22064007,123456
student,22064008,123456
student,22064009,123456
student,22064010,123456
student,22064011,123456
student,22064012,123456
student,22064013,123456
student,22064014,123456
student,22064015,123456
student,22064016,123456
student,22064017,123456
student,22064018,123456
student,22064019,123456
student,22064020,123456
student,22064021,123456
student,22064022,123456
student,22064023,123456
student,22064024,123456
student,22064025,123456
student,22064026,123456
student,22064027,123456
student,22064028,123456
student,22064029,123456
student,22064030,123456
student,22064031,123456
student,22064032,123456
student,22064033,123456
student,22064034,123456
student,22064035,123456
student,22064036,123456
student,22064037,123456
student,22064038,123456
student,22064039,123456
student,22064040,123456
student,22074001,123456
student,22074002,123456
student,22074003,123456
student,22074004,123456
student,22074005,123456
student,22074006,123456
student,22074007,123456
student,22074008,123456
student,22074009,123456
student,22074010,123456
student,22074011,123456
student,22074012,123456
student,22074013,123456
student,22074014,123456
student,22074015,123456
student,22074016,123456
student,22074017,123456
student,22074018,123456
student,22074019,123456
student,22074020,123456
student,22074021,123456
student,22074022,123456
student,22074023,123456
student,22074024,123456
student,22074025,123456
student,22074026,123456
student,22074027,123456
student,22074028,123456
student,22074029,123456
student,22074030,123456
student,22074031,123456
student,22074032,123456
student,22074033,123456
student,22074034,123456
student,22074035,123456
student,22074036,123456
student,22074037,123456
student,22074038,123456
student,22074039,123456
student,22074040,123456
student,22084001,123456
student,22084002,123456
student,22084003,123456
student,22084004,123456
student,22084005,123456
student,22084006,123456
student,22084007,123456
student,22084008,123456
student,22084009,123456
student,22084010,123456
student,22084011,123456
student,22084012,123456
student,22084013,123456
student,22084014,123456
student,22084015,123456
student,22084016,123456
student,22084017,123456
student,22084018,123456
student,22084019,123456
student,22084020,123456
student,22084021,123456
student,22084022,123456
student,22084023,123456
student,22084024,123456
student,22084025,123456
student,22084026,123456
student,22084027,123456
student,22084028,123456
student,22084029,123456
student,22084030,123456
student,22084031,123456
student,22084032,123456
student,22084033,123456
student,22084034,123456
student,22084035,123456
student,22084036,123456
student,22084037,123456
student,22084038,123456
student,22084039,123456
student,22084040,123456
student,22094001,123456
student,22094002,123456
student,22094003,123456
student,22094004,123456
student,22094005,123456
student,22094006,123456
student,22094007,123456
student,22094008,123456
student,22094009,123456
student,22094010,123456
student,22094011,123456
student,22094012,123456
student,22094013,123456
student,22094014,123456
student,22094015,123456
student,22094016,123456
student,22094017,123456
student,22094018,123456
student,22094019,123456
student,22094020,123456
student,22094021,123456
student,22094022,123456
student,22094023,123456
student,22094024,123456
student,22094025,123456
student,22094026,123456
student,22094027,123456
student,22094028,123456
student,22094029,123456
student,22094030,123456
student,22094031,123456
student,22094032,123456
student,22094033,123456
student,22094034,123456
student,22094035,123456
student,22094036,123456
student,22094037,123456
student,22094038,123456
student,22094039,123456
student,22094040,123456
student,22104001,123456
student,22104002,123456
student,22104003,123456
student,22104004,123456
student,22104005,123456
student,22104006,123456
student,22104007,123456
student,22104008,123456
student,22104009,123456
student,22104010,123456
student,22104011,123456
student,22104012,123456
student,22104013,123456
student,22104014,123456
student,22104015,123456
student,22104016,123456
student,22104017,123456
student,22104018,123456
student,22104019,123456
student,22104020,123456
student,22104021,123456
student,22104022,123456
student,22104023,123456
student,22104024,123456
student,22104025,123456
student,22104026,123456
student,22104027,123456
student,22104028,123456
student,22104029,123456
student,22104030,123456
student,22104031,123456
student,22104032,123456
student,22104033,123456
student,22104034,123456
student,22104035,123456
student,22104036,123456
student,22104037,123456
student,22104038,123456
student,22104039,123456
student,22104040,123456
student,22114001,123456
student,22114002,123456
student,22114003,123456
student,22114004,123456
student,22114005,123456
student,22114006,123456
student,22114007,123456
student,22114008,123456
student,22114009,123456
student,22114010,123456
student,22114011,123456
student,22114012,123456
student,22114013,123456
student,22114014,123456
student,22114015,123456
student,22114016,123456
student,22114017,123456
student,22114018,123456
student,22114019,123456
student,22114020,123456
student,22114021,123456
student,22114022,123456
student,22114023,123456
student,22114024,123456
student,22114025,123456
student,22114026,123456
student,22114027,123456
student,22114028,123456
student,22114029,123456
student,22114030,123456
student,22114031,123456
student,22114032,123456
student,22114033,123456
student,22114034,123456
student,22114035,123456
student,22114036,123456
student,22114037,123456
student,22114038,123456
student,22114039,123456
student,22114040,123456
student,22125066,123456
